"EMA30","EMA9"
"38.03723721634917","56.055636909153776"
"29.45704688644221","48.718094833923"
"20.285119292403742","40.87451537419355"
"10.480644967741934","32.4899994"
