"EMA30","EMA9"
"10.480644967741934","32.4899994"
