"EMA30","EMA9"
"190.303263271761","280.4507216944715"
"147.37590211808936","243.74042663891782"
"101.48803329864725","204.4983870967742"
"52.435483870967744","162.55"
