"EMA30","EMA9"
"21.28399509321391","31.366313334886378"
"16.48289116860797","27.260541702809576"
"11.350676628511966","22.871613406451615"
"5.864516258064516","18.1800004"
