"EMA30","EMA9"
"5.864516258064516","18.1800004"
