"EMA30","EMA9"
"89.38575300399233","131.72816118962103"
"69.22270148702628","114.48527575442249"
"47.6690946930281","96.05322580645162"
"24.629032258064516","76.35000000000001"
