"EMA30","EMA9"
"24.629032258064516","76.35000000000001"
