"EMA30","EMA9"
"98.68140583146459","145.42720396621797"
"76.42150195777248","126.39114823975027"
"52.62643229968783","106.04226108387098"
"27.19032335483871","84.2900024"
