"EMA30","EMA9"
"27.19032335483871","84.2900024"
