"EMA30","EMA9"
"12.011759108628825","17.70178005841362"
"9.30222532301702","15.384661510718004"
"6.405827138397503","12.907741683870968"
"3.3096773548387097","10.259999800000001"
