"EMA30","EMA9"
"3.3096773548387097","10.259999800000001"
